{
  "version": "3.90.32893.0",
  "course_id": "5lJKALYCgDt",
  "title": "Certification Admin for Managers",
  "thumbnail": "story_content/thumbnail.jpg",
  "scenes": [
    {
      "title": "Certification Admin for Managers"
    }
  ],
  "slides": [
    {
      "id": "6KO2BnzMCMa",
      "title": "Certification Admin for Managers",
      "scene_index": "1.1"
    },
    {
      "id": "6CJFIwatcdZ",
      "title": "Navigate toThe Pulse",
      "scene_index": "1.2"
    },
    {
      "id": "63BPjTyDsSS",
      "title": "Navigate to Power BI",
      "scene_index": "1.3"
    },
    {
      "id": "68EFf7R9ZRb",
      "title": "Navigate to Client Support",
      "scene_index": "1.4"
    },
    {
      "id": "6NODlApfs8V",
      "title": "Click on Cornerstone",
      "scene_index": "1.5"
    },
    {
      "id": "5rA765wnDSk",
      "title": "Loading screen",
      "scene_index": "1.6"
    },
    {
      "id": "6EwEF4s1Vpz",
      "title": "Filter by manager",
      "scene_index": "1.7"
    },
    {
      "id": "6rkYiW6jdFS",
      "title": "Choose a manager",
      "scene_index": "1.8"
    },
    {
      "id": "6HWgTHSXyZk",
      "title": "Manager view",
      "scene_index": "1.9"
    },
    {
      "id": "6VfgAE7k4Gl",
      "title": "Other filters",
      "scene_index": "1.10"
    },
    {
      "id": "6gaJxtjeXMD",
      "title": "Report analysis",
      "scene_index": "1.11"
    },
    {
      "id": "5oBeTjQO3SR",
      "title": "What to do next?",
      "scene_index": "1.12"
    },
    {
      "id": "66hyhoh1MGI",
      "title": "Certification pathways",
      "scene_index": "1.13"
    },
    {
      "id": "5pIpUWlVhZs",
      "title": "Certification list",
      "scene_index": "1.14"
    },
    {
      "id": "6klcP3YlrmG",
      "title": "Requirements",
      "scene_index": "1.15"
    },
    {
      "id": "6NmFQMBVKME",
      "title": "Agent data: Nicole 1",
      "scene_index": "1.16"
    },
    {
      "id": "5nv3e1HhEOX",
      "title": "Agent data: Nicole 2",
      "scene_index": "1.17"
    },
    {
      "id": "5xZPhLYtteh",
      "title": "Agent data: Nicole 3",
      "scene_index": "1.18"
    },
    {
      "id": "69cwAkELAX4",
      "title": "Using Base as a filler",
      "scene_index": "1.19"
    },
    {
      "id": "5cLtbjuJyMU",
      "title": "Assigning agents",
      "scene_index": "1.20"
    },
    {
      "id": "6gWS2fjOvI9",
      "title": "Now vs future",
      "scene_index": "1.21"
    },
    {
      "id": "6lskaY2gmZq",
      "title": "Outro",
      "scene_index": "1.22"
    }
  ],
  "player": {
    "name": "unified",
    "width": 1220,
    "height": 658
  },
  "stage": {
    "width": 960,
    "height": 540
  }
}