<?xml version="1.0" ?>
<manifest identifier="O-gdA8AsCwE7m8-8nQNMvryFkCVGJJ_56S5YbVdb" version="1"
  xmlns="http://www.imsproject.org/xsd/imscp_rootv1p1p2"
  xmlns:adlcp="http://www.adlnet.org/xsd/adlcp_rootv1p2"
  xmlns:xsi="http://www.w3.org/2001/XMLSchema-instance"
  xsi:schemaLocation="http://www.imsproject.org/xsd/imscp_rootv1p1p2 imscp_rootv1p1p2.xsd
                      http://www.adlnet.org/xsd/adlcp_rootv1p2 adlcp_rootv1p2.xsd">
  <metadata>
    <schema>ADL SCORM</schema>
    <schemaversion>1.2</schemaversion>
    <adlcp:location>metadata.xml</adlcp:location>
  </metadata>
  <organizations default="articulate_rise">
      <organization identifier="articulate_rise">
      <title>The Support Certification Program</title>
      <item identifier="i1" identifierref="r1" isvisible="true">
        <title>The Support Certification Program</title>
        <adlcp:datafromlms>eyJjcHYiOiI2UzVZYlZkYiIsInJsZCI6ZmFsc2V9</adlcp:datafromlms>
      </item>
    </organization>
  </organizations>
  <resources>
    <resource identifier="r1" type="webcontent" adlcp:scormtype="sco" href="scormdriver/indexAPI.html">
      <!-- SCORMDRIVER STUFF -->
      <file href="scormdriver/indexAPI.html" />
      <file href="scormdriver/preloadIntegrity.js" />
      <file href="scormdriver/driverOptions.js" />
      <file href="scormdriver/AICCComm.html" />
      <file href="scormdriver/auto-scripts/AutoBookmark.js" />
      <file href="scormdriver/auto-scripts/AutoCompleteSCO.js" />
      <file href="scormdriver/auto-scripts/CourseExit.js" />
      <file href="scormdriver/blank.html" />
      <file href="scormdriver/goodbye.html" />
      <file href="scormdriver/scormdriver.js" />
      <file href="scormdriver/browsersniff.js" />

      <!-- RUNTIME COMMON STUFF -->
      <file href="scormcontent/index.html" />

      
        <file href="scormcontent/lib/fonts/icomoon.ttf"/>
        <file href="scormcontent/lib/fonts/icomoon.woff"/>

        <file href="scormcontent/lib/icomoon.css"/>
        <file href="scormcontent/lib/player-0.0.11.min.js"/>
        <file href="scormcontent/lib/lzwcompress.js"/>
      

      <!-- FRONTEND BUNDLE ASSETS -->
      <file href="scormcontent/lib/rise/3c4bb8de.js" />
<file href="scormcontent/lib/rise/472f74c2.css" />
<file href="scormcontent/lib/rise/e34bf6bb.js" />
<file href="scormcontent/lib/rise/f9b48e9e.css" />
<file href="scormcontent/lib/rise/872d3c55.js" />
<file href="scormcontent/lib/rise/92e0d0dc.js" />
<file href="scormcontent/lib/rise/daebe3b0.js" />
<file href="scormcontent/lib/mondrian/entry.js" />
<file href="scormcontent/lib/mondrian/cee15070.js" />
<file href="scormcontent/lib/mondrian/be408434.js" />
<file href="scormcontent/lib/mondrian/08509366.js" />
<file href="scormcontent/lib/mondrian/c16e7dd3.js" />
<file href="scormcontent/lib/mondrian/d7134136.js" />
<file href="scormcontent/lib/mondrian/56ed4fc1.js" />
<file href="scormcontent/lib/mondrian/617890ed.js" />
<file href="scormcontent/lib/mondrian/b1be0899.js" />


      <!-- RUNTIME CONTENT STUFF -->
      <file href="scormcontent/assets/hwwhKJEZ_s1nS1kJ/player-interface.js" />
<file href="scormcontent/assets/hwwhKJEZ_s1nS1kJ/analytics-frame.html" />
<file href="scormcontent/assets/hwwhKJEZ_s1nS1kJ/html5/data/css/output.min.css" />
<file href="scormcontent/assets/hwwhKJEZ_s1nS1kJ/html5/data/js/5cLtbjuJyMU.js" />
<file href="scormcontent/assets/hwwhKJEZ_s1nS1kJ/html5/data/js/5nv3e1HhEOX.js" />
<file href="scormcontent/assets/hwwhKJEZ_s1nS1kJ/html5/data/js/5oBeTjQO3SR.js" />
<file href="scormcontent/assets/hwwhKJEZ_s1nS1kJ/html5/data/js/5pIpUWlVhZs.js" />
<file href="scormcontent/assets/hwwhKJEZ_s1nS1kJ/html5/data/js/5rA765wnDSk.js" />
<file href="scormcontent/assets/hwwhKJEZ_s1nS1kJ/html5/data/js/5xZPhLYtteh.js" />
<file href="scormcontent/assets/hwwhKJEZ_s1nS1kJ/html5/data/js/63BPjTyDsSS.js" />
<file href="scormcontent/assets/hwwhKJEZ_s1nS1kJ/html5/data/js/66hyhoh1MGI.js" />
<file href="scormcontent/assets/hwwhKJEZ_s1nS1kJ/html5/data/js/68EFf7R9ZRb.js" />
<file href="scormcontent/assets/hwwhKJEZ_s1nS1kJ/html5/data/js/69cwAkELAX4.js" />
<file href="scormcontent/assets/hwwhKJEZ_s1nS1kJ/html5/data/js/6CJFIwatcdZ.js" />
<file href="scormcontent/assets/hwwhKJEZ_s1nS1kJ/html5/data/js/6EwEF4s1Vpz.js" />
<file href="scormcontent/assets/hwwhKJEZ_s1nS1kJ/html5/data/js/6HWgTHSXyZk.js" />
<file href="scormcontent/assets/hwwhKJEZ_s1nS1kJ/html5/data/js/6KO2BnzMCMa.js" />
<file href="scormcontent/assets/hwwhKJEZ_s1nS1kJ/html5/data/js/6NODlApfs8V.js" />
<file href="scormcontent/assets/hwwhKJEZ_s1nS1kJ/html5/data/js/6NmFQMBVKME.js" />
<file href="scormcontent/assets/hwwhKJEZ_s1nS1kJ/html5/data/js/6VfgAE7k4Gl.js" />
<file href="scormcontent/assets/hwwhKJEZ_s1nS1kJ/html5/data/js/6gWS2fjOvI9.js" />
<file href="scormcontent/assets/hwwhKJEZ_s1nS1kJ/html5/data/js/6gaJxtjeXMD.js" />
<file href="scormcontent/assets/hwwhKJEZ_s1nS1kJ/html5/data/js/6klcP3YlrmG.js" />
<file href="scormcontent/assets/hwwhKJEZ_s1nS1kJ/html5/data/js/6lskaY2gmZq.js" />
<file href="scormcontent/assets/hwwhKJEZ_s1nS1kJ/html5/data/js/6rkYiW6jdFS.js" />
<file href="scormcontent/assets/hwwhKJEZ_s1nS1kJ/html5/data/js/data.js" />
<file href="scormcontent/assets/hwwhKJEZ_s1nS1kJ/html5/data/js/frame.js" />
<file href="scormcontent/assets/hwwhKJEZ_s1nS1kJ/html5/data/js/paths.js" />
<file href="scormcontent/assets/hwwhKJEZ_s1nS1kJ/html5/lib/scripts/bootstrapper.min.js" />
<file href="scormcontent/assets/hwwhKJEZ_s1nS1kJ/html5/lib/scripts/frame.desktop.min.js" />
<file href="scormcontent/assets/hwwhKJEZ_s1nS1kJ/html5/lib/scripts/frame.mobile.min.js" />
<file href="scormcontent/assets/hwwhKJEZ_s1nS1kJ/html5/lib/scripts/slides.min.js" />
<file href="scormcontent/assets/hwwhKJEZ_s1nS1kJ/html5/lib/stylesheets/desktop.min.css" />
<file href="scormcontent/assets/hwwhKJEZ_s1nS1kJ/html5/lib/stylesheets/mobile-fonts/open-sans-bold.woff" />
<file href="scormcontent/assets/hwwhKJEZ_s1nS1kJ/html5/lib/stylesheets/mobile-fonts/open-sans-light.woff" />
<file href="scormcontent/assets/hwwhKJEZ_s1nS1kJ/html5/lib/stylesheets/mobile-fonts/open-sans-regular.woff" />
<file href="scormcontent/assets/hwwhKJEZ_s1nS1kJ/html5/lib/stylesheets/mobile.min.css" />
<file href="scormcontent/assets/hwwhKJEZ_s1nS1kJ/meta.xml" />
<file href="scormcontent/assets/hwwhKJEZ_s1nS1kJ/mobile/5VG65goGEMy.png" />
<file href="scormcontent/assets/hwwhKJEZ_s1nS1kJ/mobile/5WQ5ls7Sw1Y.png" />
<file href="scormcontent/assets/hwwhKJEZ_s1nS1kJ/mobile/5ZDRHolGUJp.png" />
<file href="scormcontent/assets/hwwhKJEZ_s1nS1kJ/mobile/5bmNihym8YV.png" />
<file href="scormcontent/assets/hwwhKJEZ_s1nS1kJ/mobile/5fX0eaVnjGL.png" />
<file href="scormcontent/assets/hwwhKJEZ_s1nS1kJ/mobile/5hPBCIvqE94.png" />
<file href="scormcontent/assets/hwwhKJEZ_s1nS1kJ/mobile/5hxS6VZts0j.png" />
<file href="scormcontent/assets/hwwhKJEZ_s1nS1kJ/mobile/5i4aO1Mnv9G_P_0_0_809_731.png" />
<file href="scormcontent/assets/hwwhKJEZ_s1nS1kJ/mobile/5iPReCV4oRJ.png" />
<file href="scormcontent/assets/hwwhKJEZ_s1nS1kJ/mobile/5j1BRMpmR1x.png" />
<file href="scormcontent/assets/hwwhKJEZ_s1nS1kJ/mobile/5jfv1TcJpxA_Y.png" />
<file href="scormcontent/assets/hwwhKJEZ_s1nS1kJ/mobile/5k5tJss5pIq.png" />
<file href="scormcontent/assets/hwwhKJEZ_s1nS1kJ/mobile/5k6EYp9A10H.png" />
<file href="scormcontent/assets/hwwhKJEZ_s1nS1kJ/mobile/5kvRvies5uc.png" />
<file href="scormcontent/assets/hwwhKJEZ_s1nS1kJ/mobile/5nNDlnzvvGv.png" />
<file href="scormcontent/assets/hwwhKJEZ_s1nS1kJ/mobile/5pTPkVR1xUV.png" />
<file href="scormcontent/assets/hwwhKJEZ_s1nS1kJ/mobile/5qhNFhXEINk.png" />
<file href="scormcontent/assets/hwwhKJEZ_s1nS1kJ/mobile/5sY9Wu8YGUI.png" />
<file href="scormcontent/assets/hwwhKJEZ_s1nS1kJ/mobile/62z6LqBH47b.png" />
<file href="scormcontent/assets/hwwhKJEZ_s1nS1kJ/mobile/669YHKk0ov8.png" />
<file href="scormcontent/assets/hwwhKJEZ_s1nS1kJ/mobile/6GZLj7BON3f.png" />
<file href="scormcontent/assets/hwwhKJEZ_s1nS1kJ/mobile/6IcWEtRFEuV.png" />
<file href="scormcontent/assets/hwwhKJEZ_s1nS1kJ/mobile/6JcyRbZRLsB.png" />
<file href="scormcontent/assets/hwwhKJEZ_s1nS1kJ/mobile/6LWbnp50zGY.png" />
<file href="scormcontent/assets/hwwhKJEZ_s1nS1kJ/mobile/6LqiAIgPF6y.png" />
<file href="scormcontent/assets/hwwhKJEZ_s1nS1kJ/mobile/6Mk1WJ1KdNx.png" />
<file href="scormcontent/assets/hwwhKJEZ_s1nS1kJ/mobile/6Mk1WJ1KdNx_P_1280_386_443_336.png" />
<file href="scormcontent/assets/hwwhKJEZ_s1nS1kJ/mobile/6UUcPK2RGEr.png" />
<file href="scormcontent/assets/hwwhKJEZ_s1nS1kJ/mobile/6YfCay4RiNM.png" />
<file href="scormcontent/assets/hwwhKJEZ_s1nS1kJ/mobile/6ZzgkI4Rfpd.png" />
<file href="scormcontent/assets/hwwhKJEZ_s1nS1kJ/mobile/6byCfXsGDV1.png" />
<file href="scormcontent/assets/hwwhKJEZ_s1nS1kJ/mobile/6eo4uilvRA1.png" />
<file href="scormcontent/assets/hwwhKJEZ_s1nS1kJ/mobile/6il7SKOf38f.png" />
<file href="scormcontent/assets/hwwhKJEZ_s1nS1kJ/mobile/6jOIyvcEJSD_Y.png" />
<file href="scormcontent/assets/hwwhKJEZ_s1nS1kJ/mobile/6kQx5bU6tdN.png" />
<file href="scormcontent/assets/hwwhKJEZ_s1nS1kJ/mobile/6kY3prDMHsX.png" />
<file href="scormcontent/assets/hwwhKJEZ_s1nS1kJ/mobile/6lMPWaXrz9H.png" />
<file href="scormcontent/assets/hwwhKJEZ_s1nS1kJ/mobile/6nktj8umhKX.png" />
<file href="scormcontent/assets/hwwhKJEZ_s1nS1kJ/mobile/6r6XIg8ppKu.png" />
<file href="scormcontent/assets/hwwhKJEZ_s1nS1kJ/mobile/Shape6liRtXs6jeG.png" />
<file href="scormcontent/assets/hwwhKJEZ_s1nS1kJ/mobile/Shape6qSNZiUFOtl.png" />
<file href="scormcontent/assets/hwwhKJEZ_s1nS1kJ/mobile/Slide5Y3nMJTNKnE.jpg" />
<file href="scormcontent/assets/hwwhKJEZ_s1nS1kJ/mobile/Slide5jujH8hA2Ay.jpg" />
<file href="scormcontent/assets/hwwhKJEZ_s1nS1kJ/mobile/Slide5rQpBHaBDwa.jpg" />
<file href="scormcontent/assets/hwwhKJEZ_s1nS1kJ/mobile/Slide5vV2k7GBky2.jpg" />
<file href="scormcontent/assets/hwwhKJEZ_s1nS1kJ/mobile/txt__default_5jQRhLAIqMP.png" />
<file href="scormcontent/assets/hwwhKJEZ_s1nS1kJ/mobile/txt__default_5uawTFTTzD1.png" />
<file href="scormcontent/assets/hwwhKJEZ_s1nS1kJ/mobile/txt__default_639YpgWAG6u.png" />
<file href="scormcontent/assets/hwwhKJEZ_s1nS1kJ/mobile/txt__default_6ALKWxDBnDC.png" />
<file href="scormcontent/assets/hwwhKJEZ_s1nS1kJ/mobile/txt__default_6Aye51H54q2.png" />
<file href="scormcontent/assets/hwwhKJEZ_s1nS1kJ/mobile/txt__default_6IWg9E9lAK0.png" />
<file href="scormcontent/assets/hwwhKJEZ_s1nS1kJ/mobile/txt__default_6Ip8JmmE1DF.png" />
<file href="scormcontent/assets/hwwhKJEZ_s1nS1kJ/mobile/txt__default_6IpC9oSEDFy.png" />
<file href="scormcontent/assets/hwwhKJEZ_s1nS1kJ/mobile/txt__default_6KhsPOCSg13.png" />
<file href="scormcontent/assets/hwwhKJEZ_s1nS1kJ/mobile/txt__default_6MAHPvEsTkx.png" />
<file href="scormcontent/assets/hwwhKJEZ_s1nS1kJ/mobile/txt__default_6NBcVM4R3vc.png" />
<file href="scormcontent/assets/hwwhKJEZ_s1nS1kJ/mobile/txt__default_6NQEZYBcZtp.png" />
<file href="scormcontent/assets/hwwhKJEZ_s1nS1kJ/mobile/txt__default_6Wu2TMqzLKT.png" />
<file href="scormcontent/assets/hwwhKJEZ_s1nS1kJ/mobile/txt__default_6ZoqivOAaxI.png" />
<file href="scormcontent/assets/hwwhKJEZ_s1nS1kJ/mobile/txt__default_6dXdiOd2idb.png" />
<file href="scormcontent/assets/hwwhKJEZ_s1nS1kJ/mobile/txt__default_6fk3rFSEqHe.png" />
<file href="scormcontent/assets/hwwhKJEZ_s1nS1kJ/story.html" />
<file href="scormcontent/assets/hwwhKJEZ_s1nS1kJ/story_content/5XSqhGU6kX3_44100_48_0.mp3" />
<file href="scormcontent/assets/hwwhKJEZ_s1nS1kJ/story_content/5i4hSBbfuhM_44100_48_0.mp3" />
<file href="scormcontent/assets/hwwhKJEZ_s1nS1kJ/story_content/5lAhTbYz6iH_44100_48_0.mp3" />
<file href="scormcontent/assets/hwwhKJEZ_s1nS1kJ/story_content/5mK4MwouSui_44100_48_0.mp3" />
<file href="scormcontent/assets/hwwhKJEZ_s1nS1kJ/story_content/5mhWoEJ0z0V.js" />
<file href="scormcontent/assets/hwwhKJEZ_s1nS1kJ/story_content/5n2omhxhSIK_44100_48_0.mp3" />
<file href="scormcontent/assets/hwwhKJEZ_s1nS1kJ/story_content/5oOFeO4NuGv_44100_48_0.mp3" />
<file href="scormcontent/assets/hwwhKJEZ_s1nS1kJ/story_content/5osKzsm9BLq_44100_48_0.mp3" />
<file href="scormcontent/assets/hwwhKJEZ_s1nS1kJ/story_content/5sQxFtIfMeM_44100_48_0.mp3" />
<file href="scormcontent/assets/hwwhKJEZ_s1nS1kJ/story_content/5yeiE5lvqa0_44100_48_0.mp3" />
<file href="scormcontent/assets/hwwhKJEZ_s1nS1kJ/story_content/5zfeqFVRj5B_44100_48_0.mp3" />
<file href="scormcontent/assets/hwwhKJEZ_s1nS1kJ/story_content/60WEG15gmYn_44100_48_0.mp3" />
<file href="scormcontent/assets/hwwhKJEZ_s1nS1kJ/story_content/61mqOwUjHXx.png" />
<file href="scormcontent/assets/hwwhKJEZ_s1nS1kJ/story_content/61xYgtwMC6l_44100_48_0.mp3" />
<file href="scormcontent/assets/hwwhKJEZ_s1nS1kJ/story_content/680FKDxyLZG_44100_48_0.mp3" />
<file href="scormcontent/assets/hwwhKJEZ_s1nS1kJ/story_content/6897usMEfn2_44100_48_0.mp3" />
<file href="scormcontent/assets/hwwhKJEZ_s1nS1kJ/story_content/6AvmSgKwdwS_44100_48_0.mp3" />
<file href="scormcontent/assets/hwwhKJEZ_s1nS1kJ/story_content/6CxhIWVIV3O_44100_48_0.mp3" />
<file href="scormcontent/assets/hwwhKJEZ_s1nS1kJ/story_content/6Hn91v7nvvP_44100_48_0.mp3" />
<file href="scormcontent/assets/hwwhKJEZ_s1nS1kJ/story_content/6LPtIucBXgS_44100_48_0.mp3" />
<file href="scormcontent/assets/hwwhKJEZ_s1nS1kJ/story_content/6NPfzWZIPjL_44100_48_0.mp3" />
<file href="scormcontent/assets/hwwhKJEZ_s1nS1kJ/story_content/6S39sMmXGhB_44100_48_0.mp3" />
<file href="scormcontent/assets/hwwhKJEZ_s1nS1kJ/story_content/6TYtpII5Ahq_44100_48_0.mp3" />
<file href="scormcontent/assets/hwwhKJEZ_s1nS1kJ/story_content/6VCMmtss3Xm_44100_48_0.mp3" />
<file href="scormcontent/assets/hwwhKJEZ_s1nS1kJ/story_content/6ZCqFcaiKsw_44100_48_0.mp3" />
<file href="scormcontent/assets/hwwhKJEZ_s1nS1kJ/story_content/6ZqWLzaaMDl_44100_48_0.mp3" />
<file href="scormcontent/assets/hwwhKJEZ_s1nS1kJ/story_content/6e1qyki6KP9_44100_48_0.mp3" />
<file href="scormcontent/assets/hwwhKJEZ_s1nS1kJ/story_content/6l1oFTfn4th_44100_48_0.mp3" />
<file href="scormcontent/assets/hwwhKJEZ_s1nS1kJ/story_content/6mKXrg4OVgj_44100_48_0.mp3" />
<file href="scormcontent/assets/hwwhKJEZ_s1nS1kJ/story_content/6mnvRfkZB5N_44100_48_0.mp3" />
<file href="scormcontent/assets/hwwhKJEZ_s1nS1kJ/story_content/6oq6xOa9ACK_44100_48_0.mp3" />
<file href="scormcontent/assets/hwwhKJEZ_s1nS1kJ/story_content/6osYq1LTTfv_44100_48_0.mp3" />
<file href="scormcontent/assets/hwwhKJEZ_s1nS1kJ/story_content/thumbnail.jpg" />
<file href="scormcontent/assets/hwwhKJEZ_s1nS1kJ/story_content/triggers.js" />
<file href="scormcontent/assets/hwwhKJEZ_s1nS1kJ/story_content/user.js" />
<file href="scormcontent/assets/hwwhKJEZ_s1nS1kJ/threeSixty.json" />
<file href="scormcontent/lib/fonts/lLOoEqyucakek1Yl-WorkSans-Italic.woff" />
<file href="scormcontent/lib/fonts/Sf5E6KjYtUg3obFR-WorkSans-Bold.woff" />
<file href="scormcontent/lib/fonts/JU7MZdzQTrr7gMmJ-WorkSans-Regular.woff" />
<file href="scormcontent/lib/fonts/Lato-Black.woff" />
<file href="scormcontent/lib/fonts/Lato-Italic.woff" />
<file href="scormcontent/lib/fonts/Lato-Bold.woff" />
<file href="scormcontent/lib/fonts/Lato-Regular.woff" />
<file href="scormcontent/lib/fonts/Lato-Light.woff" />
<file href="scormcontent/assets/small.png" />
<file href="scormcontent/assets/DE1M4RsHGLFer4bD.png" />
<file href="scormcontent/assets/Important.png" />
<file href="scormcontent/assets/lvls2.png" />
<file href="scormcontent/assets/Flag%20Woman%20Hero.png" />
<file href="scormcontent/assets/Support%20Certification%20Program%20Courses.png" />
<file href="scormcontent/assets/story.html" />
<file href="scormcontent/assets/Flag.png" />

      <file href="scormcontent/locales/und.js" />

    </resource>
  </resources>
</manifest>
